id;title;description;image;image_content_type;taken
1;ADP (Bouvetoya) Specialist;../fake-data/blob/hipster.txt;../fake-data/blob/hipster.png;image/png;2021-08-22T06:09:33
2;haptic Chief;../fake-data/blob/hipster.txt;../fake-data/blob/hipster.png;image/png;2021-08-22T13:05:54
3;Ergonomic Lebanon Metal;../fake-data/blob/hipster.txt;../fake-data/blob/hipster.png;image/png;2021-08-22T03:08:12
4;Security orchid;../fake-data/blob/hipster.txt;../fake-data/blob/hipster.png;image/png;2021-08-21T20:43:49
5;compress York Tasty;../fake-data/blob/hipster.txt;../fake-data/blob/hipster.png;image/png;2021-08-22T02:16:23
6;alarm seize Research;../fake-data/blob/hipster.txt;../fake-data/blob/hipster.png;image/png;2021-08-22T13:46:50
7;Hat;../fake-data/blob/hipster.txt;../fake-data/blob/hipster.png;image/png;2021-08-22T13:59:40
8;Credit Human Berkshire;../fake-data/blob/hipster.txt;../fake-data/blob/hipster.png;image/png;2021-08-22T10:49:12
9;challenge vertical;../fake-data/blob/hipster.txt;../fake-data/blob/hipster.png;image/png;2021-08-21T20:58:11
10;algorithm;../fake-data/blob/hipster.txt;../fake-data/blob/hipster.png;image/png;2021-08-22T08:15:43
